{
    "metadata": {
        "uvs": 1,
        "normals": 40,
        "version": 3,
        "faces": 56,
        "generator": "io_three",
        "vertices": 40,
        "type": "Geometry"
    },
    "uvs": [[0.375,0.3125,0.3875,0.3125,0.3875,0.68844,0.375,0.68844,0.4,0.3125,0.4,0.68844,0.4125,0.3125,0.4125,0.68844,0.425,0.3125,0.425,0.68844,0.4375,0.3125,0.4375,0.68844,0.45,0.3125,0.45,0.68844,0.4625,0.3125,0.4625,0.68844,0.475,0.3125,0.475,0.68844,0.4875,0.3125,0.4875,0.68844,0.5,0.3125,0.5,0.68844,0.5125,0.3125,0.5125,0.68844,0.525,0.3125,0.525,0.68844,0.5375,0.3125,0.5375,0.68844,0.55,0.3125,0.55,0.68844,0.5625,0.3125,0.5625,0.68844,0.575,0.3125,0.575,0.68844,0.5875,0.3125,0.5875,0.68844,0.6,0.3125,0.6,0.68844,0.6125,0.3125,0.6125,0.68844,0.625,0.3125,0.625,0.68844,0.648603,0.107966,0.65625,0.15625,0.648603,0.204534,0.626409,0.248091,0.591841,0.282659,0.548284,0.304853,0.451716,0.304853,0.408159,0.282659,0.373591,0.248091,0.351397,0.204534,0.34375,0.15625,0.351397,0.107966,0.373591,0.064409,0.408159,0.029841,0.451716,0.007647,0.5,-0,0.548284,0.007647,0.591842,0.029841,0.626409,0.064408,0.648603,0.892034,0.626409,0.935591,0.591841,0.970159,0.548284,0.992353,0.5,1,0.451716,0.992353,0.408159,0.970159,0.373591,0.935591,0.351397,0.892034,0.34375,0.84375,0.351397,0.795466,0.373591,0.751909,0.408159,0.717341,0.451716,0.695147,0.5,0.6875,0.548284,0.695147,0.591842,0.717341,0.626409,0.751908,0.648603,0.795466,0.65625,0.84375]],
    "name": "dialBack_Untitled.005Geometry",
    "normals": [0.702963,0.228401,-0.673513,0.59798,0.434431,-0.673513,0.59798,0.434431,0.673513,0.702963,0.228401,0.673513,0.434431,0.59798,-0.673513,0.434431,0.59798,0.673513,0.228401,0.702963,-0.673513,0.228401,0.702963,0.673513,0,0.739158,-0.673513,0,0.739158,0.673513,-0.228401,0.702963,-0.673513,-0.228401,0.702963,0.673513,-0.434431,0.59798,-0.673513,-0.434431,0.59798,0.673513,-0.59798,0.434462,-0.673513,-0.59798,0.434462,0.673513,-0.702963,0.228401,-0.673513,-0.702963,0.228401,0.673513,-0.739128,0,-0.673513,-0.739128,0,0.673513,-0.702963,-0.228401,-0.673513,-0.702963,-0.228401,0.673513,-0.59798,-0.434462,-0.673513,-0.59798,-0.434462,0.673513,-0.434431,-0.59798,-0.673513,-0.434431,-0.59798,0.673513,-0.228401,-0.702963,-0.673513,-0.228401,-0.702963,0.673513,0,-0.739128,-0.673513,0,-0.739128,0.673513,0.228401,-0.702963,-0.673513,0.228401,-0.702963,0.673513,0.434431,-0.59798,-0.673513,0.434431,-0.59798,0.673513,0.59798,-0.434462,-0.673513,0.59798,-0.434462,0.673513,0.702963,-0.228401,-0.673513,0.702963,-0.228401,0.673513,0.739158,0,-0.673513,0.739158,0,0.673513],
    "faces": [41,0,1,2,3,0,1,2,3,0,1,2,3,41,1,4,5,2,1,4,5,2,1,4,5,2,41,4,6,7,5,4,6,7,5,4,6,7,5,41,6,8,9,7,6,8,9,7,6,8,9,7,41,8,10,11,9,8,10,11,9,8,10,11,9,41,10,12,13,11,10,12,13,11,10,12,13,11,41,12,14,15,13,12,14,15,13,12,14,15,13,41,14,16,17,15,14,16,17,15,14,16,17,15,41,16,18,19,17,16,18,19,17,16,18,19,17,41,18,20,21,19,18,20,21,19,18,20,21,19,41,20,22,23,21,20,22,23,21,20,22,23,21,41,22,24,25,23,22,24,25,23,22,24,25,23,41,24,26,27,25,24,26,27,25,24,26,27,25,41,26,28,29,27,26,28,29,27,26,28,29,27,41,28,30,31,29,28,30,31,29,28,30,31,29,41,30,32,33,31,30,32,33,31,30,32,33,31,41,32,34,35,33,32,34,35,33,32,34,35,33,41,34,36,37,35,34,36,37,35,34,36,37,35,41,36,38,39,37,36,38,39,37,36,38,39,37,41,38,0,3,39,38,40,41,39,38,0,3,39,40,0,4,1,42,59,60,0,4,1,40,8,6,4,57,58,59,8,6,4,40,12,10,8,55,56,57,12,10,8,40,16,14,12,53,54,55,16,14,12,40,20,18,16,51,52,53,20,18,16,40,24,22,20,49,50,51,24,22,20,40,28,26,24,20,48,49,28,26,24,40,32,30,28,46,47,20,32,30,28,40,36,34,32,44,45,46,36,34,32,40,0,38,36,42,43,44,0,38,36,40,0,8,4,42,57,59,0,8,4,40,16,12,8,53,55,57,16,12,8,40,24,20,16,49,51,53,24,20,16,40,32,28,24,46,20,49,32,28,24,40,0,36,32,42,44,46,0,36,32,40,0,16,8,42,53,57,0,16,8,40,32,24,16,46,49,53,32,24,16,40,0,32,16,42,46,53,0,32,16,40,3,37,39,61,79,80,3,37,39,40,33,35,37,77,78,79,33,35,37,40,29,31,33,75,76,77,29,31,33,40,25,27,29,73,74,75,25,27,29,40,21,23,25,71,72,73,21,23,25,40,17,19,21,69,70,71,17,19,21,40,13,15,17,67,68,69,13,15,17,40,9,11,13,65,66,67,9,11,13,40,5,7,9,63,64,65,5,7,9,40,3,2,5,61,62,63,3,2,5,40,3,33,37,61,77,79,3,33,37,40,25,29,33,73,75,77,25,29,33,40,17,21,25,69,71,73,17,21,25,40,9,13,17,65,67,69,9,13,17,40,3,5,9,61,63,65,3,5,9,40,3,25,33,61,73,77,3,25,33,40,9,17,25,65,69,73,9,17,25,40,3,9,25,61,65,73,3,9,25],
    "vertices": [-0.165282,0.384212,0.332651,-0.174343,0.401997,0.332651,-0.174343,0.401997,0.352357,-0.165282,0.384212,0.352357,-0.188457,0.416111,0.332651,-0.188457,0.416111,0.352357,-0.206242,0.425172,0.332651,-0.206242,0.425172,0.352357,-0.225956,0.428295,0.332651,-0.225956,0.428295,0.352357,-0.24567,0.425172,0.332651,-0.24567,0.425172,0.352357,-0.263454,0.416111,0.332651,-0.263454,0.416111,0.352357,-0.277568,0.401997,0.332651,-0.277568,0.401997,0.352357,-0.28663,0.384212,0.332651,-0.28663,0.384212,0.352357,-0.289752,0.364498,0.332651,-0.289752,0.364498,0.352357,-0.28663,0.344784,0.332651,-0.28663,0.344784,0.352357,-0.277568,0.326999,0.332651,-0.277568,0.326999,0.352357,-0.263454,0.312886,0.332651,-0.263454,0.312886,0.352357,-0.24567,0.303824,0.332651,-0.24567,0.303824,0.352357,-0.225956,0.300702,0.332651,-0.225956,0.300702,0.352357,-0.206242,0.303824,0.332651,-0.206242,0.303824,0.352357,-0.188457,0.312886,0.332651,-0.188457,0.312886,0.352357,-0.174343,0.326999,0.332651,-0.174343,0.326999,0.352357,-0.165282,0.344784,0.332651,-0.165282,0.344784,0.352357,-0.162159,0.364498,0.332651,-0.162159,0.364498,0.352357]
}